pvalue,histotype,OrigSNPname,1000G_SNPname,Chromosome,Position,BFDP_1:1000_1.2,N_CredibleCausal
8.68E-09,serous,rs7748275:3581089:T:A,rs7748275:3581089:T:A,6,3581089,0.009917526,7
8.95E-08,serous_hg,kgp7556451,,20,32923540,0.020539889,211
1.17E-07,overall,rs10260419:11564385:C:G,rs10260419:11564385:C:G,7,11564385,0.048694344,24
4.65E-07,overall,rs74917072:238930695:G:T,rs74917072:238930695:G:T,2,238930695,0.068697243,35
6.74E-07,serous_hg,rs169225,rs169225:22373678:T:G,20,22373678,0.085812828,45
1.47E-06,overall,rs59923016:49799455:C:CCA,rs59923016:49799455:C:CCA,16,49799455,0.123933633,27
1.50E-06,serous,rs3754464:158978936:A:G,rs3754464:158978936:A:G,1,158978936,0.235433961,162
2.63E-06,serous_hg,rs4709698:163722764:T:C,rs4709698:163722764:T:C,6,163722764,0.245291841,19
2.17E-06,serous,rs72492309:32509754:T:C,rs72492309:32509754:T:C,6,32509754,0.256883861,50
3.76E-06,overall,rs70959845:60799983:CT:C,rs70959845:60799983:CT:C,2,60799983,0.259416492,6
4.01E-06,serous,rs243172,rs243172:90012563:A:G,14,90012563,0.272500264,7
3.18E-06,serous_hg,rs12546957:128631670:C:A,rs12546957:128631670:C:A,8,128631670,0.280484731,3
6.66E-06,overall,rs2829235:26031868:T:C,rs2829235:26031868:T:C,21,26031868,0.296501667,6
2.40E-06,serous_hg,rs28568660:31920307:A:G,rs28568660:31920307:A:G,3,31920307,0.298955074,46
4.13E-06,overall,rs12623068:7323039:C:T,rs12623068:7323039:C:T,2,7323039,0.308924827,3
4.61E-06,overall,rs79925169:92084245:G:T,rs79925169:92084245:G:T,9,92084245,0.318022555,70
8.14E-06,overall,rs845930:32720124:A:C,rs845930:32720124:A:C,21,32720124,0.329549568,36
8.06E-06,overall,rs185335029:26829374:C:A,rs185335029:26829374:C:A,3,26829374,0.3370607,120
3.85E-06,serous_hg,rs3867263:61331610:C:T,rs3867263:61331610:C:T,18,61331610,0.337977211,8
3.26E-06,serous_hg,rs75157307:18374438:T:C,rs75157307:18374438:T:C,2,18374438,0.340998719,11
7.13E-06,overall,rs11150225:79889959:T:C,rs11150225:79889959:T:C,16,79889959,0.372257382,46
2.97E-06,overall,X:107586364:AATATAT:A,X:107586364:AATATAT:A,23,107586364,0.378353534,53
6.60E-06,serous,rs4918665:113312430:G:A,rs4918665:113312430:G:A,10,113312430,0.40947662,94
7.64E-06,overall,rs11451120:30863287:C:CT,rs11451120:30863287:C:CT,8,30863287,0.440806335,5
3.46E-07,serous_hg,12:128445504:G:A,12:128445504:G:A,12,128445504,0.447272243,121
9.13E-06,serous,rs1728807:11049329:C:T,rs1728807:11049329:C:T,3,11049329,0.454287131,7
1.97E-06,overall,rs9316411:49321854:C:G,rs9316411:49321854:C:G,13,49321854,0.474819569,9
8.39E-06,overall,rs142825068:157509491:A:G,rs142825068:157509491:A:G,7,157509491,0.477176293,8
8.33E-06,serous_hg,rs200114742:14173877:G:T,rs200114742:14173877:G:T,4,14173877,0.49336683,44
,,,,,,,1283